<?xml version="1.0" encoding="utf-8"?> 
<!DOCTYPE hibernate-configuration PUBLIC
	"-//Hibernate/Hibernate Configuration DTD 3.0//EN"
	"http://hibernate.sourceforge.net/hibernate-configuration-3.0.dtd">
	
<hibernate-configuration> 

    <session-factory> 
    	<!-- 自動建表  -->
    	<property name="hbm2ddl.auto">update</property>  
        <!-- 顯示實際操作資料庫時的SQL --> 
        <property name="show_sql">true</property> 
		<!-- 將顯示的SQL排版，方便觀看 -->
		<property name="format_sql">true</property>
        <!-- SQL方言，這邊設定的是MySQL --> 
        <property name="dialect">org.hibernate.dialect.MySQL5Dialect</property> 
        <!-- JDBC驅動程式 --> 
        <property name="connection.driver_class">com.mysql.jdbc.Driver</property> 
         <!-- JDBC URL --> 
        <property name="connection.url">jdbc:mysql://127.0.0.1:3306/demo?createDatabaseIfNotExist=true&amp;useSSL=false&amp;serverTimezone=Asia/Taipei</property> 
        <!-- 資料庫使用者 --> 
        <property name="connection.username">root</property> 
        <!-- 資料庫密碼 --> 
        <property name="connection.password">1234</property> 

        <!-- 物件與資料庫表格映射文件 --> 
        <mapping resource="demo/hbm/User.hbm.xml"/> 

    </session-factory> 

</hibernate-configuration>